cedulaPer,correo
11917602,constanza.velasquez341@correo.com
86503957,martha.medina42@correo.com
420786,leidy.quintero748@correo.com
86582004,maria.rivera882@correo.com
93643197,cristian.lopez791@correo.com
86503957,martha.medina871@correo.com
43430591,ovidio.posada420@correo.com
89435630,yaneth.rojas692@correo.com
89435630,yaneth.rojas476@correo.com
54984099,adriana.vargas56@correo.com
53263133,eduardo.pineda215@correo.com
31630490,jose.sanchez148@correo.com
86503957,martha.medina758@correo.com
91136300,isabel.salcedo970@correo.com
54984099,adriana.vargas875@correo.com
54984099,adriana.vargas596@correo.com
80786510,luis.carvajal861@correo.com
81593966,olga.sierra213@correo.com
74245932,cecilia.olaya770@correo.com
55771048,esteban.osorio697@correo.com
43430591,ovidio.posada74@correo.com
69913477,angel.villamil131@correo.com
43848157,felipe.alarcon599@correo.com
6141530,miguel.duran126@correo.com
28072328,tatiana.ochoa301@correo.com
44676448,ana.maldonado945@correo.com
70872521,juan.lopez718@correo.com
31630490,jose.sanchez230@correo.com
28072328,tatiana.ochoa450@correo.com
86503957,martha.medina246@correo.com
28072328,tatiana.ochoa907@correo.com
9901372,doris.suarez966@correo.com
53263133,eduardo.pineda451@correo.com
92199397,robert.marquez279@correo.com
9901372,doris.suarez882@correo.com
86582004,maria.rivera462@correo.com
91136300,isabel.salcedo58@correo.com
31630490,jose.sanchez687@correo.com
19837043,sonia.prieto768@correo.com
81593966,olga.sierra390@correo.com
86582004,maria.rivera682@correo.com
6141530,miguel.duran777@correo.com
59377242,bibiana.gallego243@correo.com
69913477,angel.villamil681@correo.com
81593966,olga.sierra626@correo.com
91136300,isabel.salcedo952@correo.com
59377242,bibiana.gallego267@correo.com
53263133,eduardo.pineda432@correo.com
86503957,martha.medina612@correo.com
44676448,ana.maldonado833@correo.com
