cedulaPer,primerNom,segundoNom,primerApell,segundoApell,calle,carrera,numero,complemento
48993119,Luz,Alexander,Benavides,Bravo,148,92,34,
76453305,Yesid,Alba,Rojas,Ortiz,121,59,147,
86582004,Maria,,Rivera,Rivera,137,123,43,
38523234,Andres,,Hurtado,Ramirez,71,148,146,
91136300,Isabel,Maria,Salcedo,Pinzon,80,27,67,iste
6141530,Miguel,,Duran,,73,113,54,
52759900,Lucia,,Martinez,,13,38,54,iste
11917602,Constanza,Maria,Velasquez,Villegas,10,145,48,
92199397,Robert,,Marquez,,43,18,49,
87333390,Armando,,Ospina,,33,37,148,
68272803,Andres,Elsa,Hernandez,,76,133,90,
40326929,Carlos,,Gomez,,129,79,104,
47637552,Carlos,,Rios,,53,52,97,
59377242,Bibiana,,Gallego,,124,5,57,
13222036,Mauricio,Juan,Giraldo,Uribe,123,43,10,
33514116,Eugenia,,Morales,,73,38,30,
81593966,Olga,Milena,Sierra,Hernandez,81,49,57,
90115146,Nancy,Dayana,Gomez,,140,55,97,asperiores
80786510,Luis,Luz,Carvajal,Diaz,39,104,24,necessitatibus
71016483,Paula,Veronica,Molina,Bastidas,27,10,49,
53863173,Juan,Kelly,Arias,Galindo,6,122,63,
19837043,Sonia,,Prieto,,132,86,21,
53263133,Eduardo,,Pineda,Hernandez,40,66,128,
70872521,Juan,,Lopez,,128,38,76,
31630490,Jose,Luz,Sanchez,Rivera,145,119,102,voluptatum
74245932,Cecilia,Bernardo,Olaya,Cabrera,99,81,59,dignissimos
43848157,Felipe,,Alarcon,Bustos,2,58,67,
26697019,Jose,Luis,Rangel,Castro,66,2,23,
40072813,Enrique,,Castro,Reyes,93,17,57,
78147607,Lorena,Alfonso,Gomez,Luna,94,139,29,
89435630,Yaneth,,Rojas,,79,149,56,
54984099,Adriana,Carolina,Vargas,,45,106,97,
69913477,Angel,Cesar,Villamil,,53,82,106,quo
83550290,Alejandro,,Benitez,,82,110,78,
97006337,Felipe,German,Gonzalez,,149,34,34,
55771048,Esteban,Hector,Osorio,Serna,127,128,118,
91143868,Patricia,Daniela,Angarita,,45,114,145,
40847606,Patricia,Paola,Rojas,Camargo,64,45,126,
12107133,Jorge,Luis,Palacios,Martinez,81,22,135,
86503957,Martha,William,Medina,,91,15,14,
28072328,Tatiana,,Ochoa,Leon,4,79,87,
58850739,David,Fidel,Amaya,,63,124,58,
91758286,Carmen,Paola,Rojas,,147,33,147,
67701803,Maritza,Sergio,Carmona,Munoz,113,74,71,
43430591,Ovidio,Carolina,Posada,,98,88,43,
3991013,Carmen,,Lopez,Fajardo,76,6,95,
67842210,William,,Contreras,,3,132,6,
4187277,Doris,,Burbano,,64,115,98,
44676448,Ana,,Maldonado,Hernandez,59,46,73,
10174229,Eugenia,Esperanza,Morales,Benitez,73,124,114,
420786,Leidy,,Quintero,Bedoya,85,147,7,
47571092,Wilson,Lucia,Castro,,146,26,68,ab
67978419,David,,Garcia,Pineda,82,13,125,
9901372,Doris,Angel,Suarez,,121,134,54,alias
36515924,Antonio,,Giraldo,,39,46,114,
7353065,Fernando,,Ortiz,,115,36,90,
33699234,Mauricio,,Moreno,,90,111,34,
93643197,Cristian,Damaris,Lopez,Valencia,12,63,93,
22022982,Mercedes,,Sarmiento,Valencia,48,13,126,
11689250,Adriana,,Chavez,Vallejo,135,110,27,
